Date;Vaccine;SocialNumber;FirstName;LastName;Doctor;Note
2023-01-03;Johnson & Johnson;6741271294;Antonius;Prohaska;Dr. Trattner;Quo perferendis sunt illum quia.
2025-01-30;Moderna;6938101133;Emil;Kappel;Dr. Neureiter;Harum molestiae a consequuntur illum officia esse.
2023-11-30;Biontech;6938101133;Sena;Edlinger;Dr. Simic;
2024-07-31;Novavax;9492220974;Mert;Bischof;Dr. Stöger;Asperiores consequuntur natus repellendus similique.
2023-04-30;Johnson & Johnson;7017080467;Leo;Bartl;Dr. Haring;
2025-03-08;Johnson & Johnson;9714150394;Leah;Kaltenbrunner;Dr. Plank;Reprehenderit omnis corporis et corporis quisquam mollitia.
2023-03-02;Moderna;6938101133;Niko;Mitterlehner;Dr. Böhm;Accusantium explicabo officiis nihil et in.
2024-11-18;Biontech;7017080467;Adelina;Reinbacher;Dr. Pirker;Quasi vero ab hic et ipsa exercitationem velit.
2023-06-23;AstraZeneca;9498200296;Filip;Stecher;Dr. Kocher;
2022-12-25;AstraZeneca;6851030379;Anne;Ackerl;Dr. Steinbauer;
2024-11-04;Novavax;4002201082;Marcus;Sigl;Dr. Schenk;Atque quos tempora deserunt iste voluptatem.
2024-04-23;Johnson & Johnson;1432030443;Lydia;Hartmann;Dr. Wallner;Id qui rem atque nam temporibus.
2023-01-16;Moderna;9714150394;Jasmina;Vogler;Dr. Kerschbaumer;Tempore sed cumque corrupti est rerum ratione.
2023-11-12;Johnson & Johnson;0144211253;Selena;Heller;Dr. Luttenberger;Natus ea sint quo aliquid blanditiis pariatur.
2025-02-18;Moderna;7507251169;Jannik;Beck;Dr. Steinbacher;
2023-05-11;Novavax;0379300541;Lars;Mair;Dr. Rainer;Expedita dolore magnam ipsam explicabo voluptas voluptate.
2024-09-03;Novavax;7017080467;Adriano;Bräuer;Dr. Stockhammer;
2023-10-13;Johnson & Johnson;5344060544;Ylvie;Pertl;Dr. Steiner;Quia debitis deleniti inventore quibusdam nisi eius.
2025-01-19;Biontech;0144211253;Nora;Steinbauer;Dr. Schröder;
2022-06-24;Biontech;4339080204;Sena;Reicher;Dr. Taucher;
2023-05-31;Moderna;1432030443;Tamara;Leopold;Dr. Stöckl;Odit ex ut aliquam molestias explicabo eligendi.
2023-06-01;Moderna;1432030443;Lena;Kogler;Dr. Burgstaller;Culpa eaque dolorem praesentium repudiandae placeat aut.
2022-10-21;Johnson & Johnson;6851030379;Ruth;Lipp;Dr. Steidl;
2025-01-11;Moderna;0144211253;Alice;Haas;Dr. Haslauer;Nihil itaque atque nobis a eaque.
2023-01-17;Moderna;6741271294;Carl;Albrecht;Dr. Steger;
2024-08-02;Novavax;9498200296;Roman;Rainer;Dr. Fritsch;Repudiandae eligendi pariatur soluta.
2023-06-29;Moderna;6938101133;Georg;Ott;Dr. Brandner;Libero molestias porro totam nesciunt.
2025-01-19;AstraZeneca;6851030379;Eleonora;Oberleitner;Dr. Löffler;
2023-04-17;AstraZeneca;1432030443;Isa;Kocher;Dr. Schöpf;
2024-12-24;Biontech;5481140663;Bernadette;Kloiber;Dr. Maierhofer;Debitis rem consectetur odit voluptatem eum eveniet.
2022-10-04;AstraZeneca;0144211253;Larissa;Wohlmuth;Dr. Schlosser;
2023-09-11;Novavax;9498200296;Mara;Spiegl;Dr. Grasser;Expedita totam quas facilis reprehenderit natus.
2022-09-15;Moderna;5344060544;Luis;Meusburger;Dr. Pircher;Dolorem facere quasi qui aliquid nesciunt.
2022-10-18;Biontech;1053090788;Mina;Dietrich;Dr. Steinbacher;Tempora modi accusantium vitae repellat.
2023-01-27;Moderna;1186271005;Milo;Lackner;Dr. Maurer;
2025-04-07;Biontech;0042080942;Pauline;Müller;Dr. Hofinger;
2024-01-26;Johnson & Johnson;9492220974;Leonie;Weigl;Dr. Reiterer;Corrupti harum incidunt fugiat.
2024-07-05;Moderna;7507251169;Marie;Klocker;Dr. Schneider;Dolor aliquid velit nostrum ut minima sunt.
2024-09-14;Novavax;0379300541;Hugo;Rosner;Dr. Gschaider;Atque quia similique.
2024-11-11;Biontech;7017080467;Isabell;Klug;Dr. Gritsch;Officiis aliquam quis ipsam corrupti deserunt illo.
2023-08-30;Biontech;1186271005;Marcel;Steinböck;Dr. Jungwirth;Incidunt possimus sed unde provident.
2024-12-24;Novavax;6741271294;Berra;Neumann;Dr. Dünser;
2022-08-30;AstraZeneca;3190080251;Ajna;Jost;Dr. Gahleitner;Unde in dolor non quisquam nemo temporibus.
2025-02-02;Moderna;0042080942;Anna-Lena;Pircher;Dr. Meusburger;Beatae voluptatum aliquid reiciendis dolores quos facere.
2025-05-25;Biontech;0144211253;Helene;Rieser;Dr. Feichter;Id similique iste fugiat illo vitae aspernatur explicabo.
2024-09-28;Biontech;5481140663;Matteo;Frey;Dr. Steindl;Optio totam culpa adipisci.
2023-06-23;Johnson & Johnson;9492220974;Madeleine;Steinacher;Dr. Wittmann;Aliquam asperiores tenetur repellat accusamus.
2023-04-16;Biontech;1053090788;Cornelius;Rinner;Dr. Punz;
2025-05-25;Biontech;0042080942;Bianca;Aichinger;Dr. Langer;Repudiandae tempora repellat corporis rerum.
2022-11-05;AstraZeneca;4002201082;Valentin;Kessler;Dr. Pacher;
